1a95,12.6414,0,(0 0 1 0),0,1152,1155,1.002604167,1,1,1,0,0,0.0008680555556
1a9x,6.6927333,52,(0 0 1 0),0,8160,2887,2.826463457,1,1,1,0,0,0.001715686275
1ACB,7.542601,7,(1 0 0 0),0,522,1769,3.388888889,1,1,1,0,0,0.005558643691
1AHW,24.50705,14,(1 0 0 0),0,1612,3304,2.049627792,1,2,2,0,0,0.002723970944
1AK4,15.580768,14,(1 0 0 0),0,1130,1266,1.120353982,1,1,1,0,0,0.003179650238
1AKJ,18.607658,8,(1 0 0 0),0,1814,3075,1.695148842,2,2,1,0,89,0.0019467878
1ATN,22.72789,9,(1 0 0 0),0,2035,2941,1.445208845,1,2,2,0,186,0
1AVX,18.0004,2,(1 0 0 0),0,1286,1630,1.267496112,1,1,1,0,0,0.00730816078
1AVX,17.401777,11,(1 0 0 0),0,1286,1630,1.267496112,1,1,1,0,0,0.00730816078
1AY7,15.63363609,3,(0 0 1 0),0,720,746,1.036111111,1,1,1,0,0,0.002680965147
1AZS,20.577246,16,(1 0 0 0),0,2821,2990,1.059907834,1,3,3,0,88.86068997,0.003684598379
1b26,19.32660308,37,(0 0 1 0),0,3163,3163,1,1,1,1,0,0,0
1b26,13.826902,34,(0 0 1 0),0,3163,3163,1,1,1,1,0,0,0
1B6C,13.2558155,31,(1 0 0 0),0,2602,831,3.131167268,1,1,1,0,0,0.001201923077
1BGX,37.18086,17,(1 0 0 0),0,6570,3245,2.024653313,1,2,2,0,0.5,0.002437538087
1BJ1,8.579383,20,(1 0 0 0),0,1522,3307,2.172798949,2,2,1,0,2.5,0.002419110977
1BKD,16.243153,7,(1 0 0 0),0,1322,3662,2.770045386,1,1,1,0,0,0.001301405518
1BUH,6.5348835,2,(1 0 0 0),0,605,2311,3.819834711,1,1,1,0,0,0.001267962806
1BVK,14.270873,16,(1 0 0 0),0,1001,1744,1.742257742,1,2,2,0,4,0.002293577982
1BVN,5.3118343,7,(0 0 1 0),0,536,3907,7.289179104,1,1,1,0,0,0.003080082136
1BVN,5.3118343,10,(1 0 0 0),0,536,3907,7.289179104,1,1,1,0,0,0.003080082136
1CGI,6.8575463,7,(1 0 0 0),0,440,1799,4.088636364,1,1,1,0,0,0.005558643691
1CLV,5.383549,8,(1 0 0 0),1,246,3598,14.62601626,1,1,1,0,0,0.002501389661
1D6R,6.9818287,10,(1 0 0 0),0,427,1629,3.81498829,1,1,1,0,0,0.007366482505
1DE4,24.594711,42,(1 0 0 0),0,10044,3063,3.2791381,2,2,1,0,86.5,0.002304147465
1DFJ,10.996033,13,(1 0 0 0),0,3414,951,3.589905363,1,1,1,0,0,0.008412197687
1dm3,11.437514,35,(0 0 1 0),1,2807,2807,1,1,1,1,0,0,0.001425008906
1DQJ,8.778931,6,(1 0 0 0),0,1001,3244,3.240759241,1,2,2,0,2,0.003082614057
1E_96,18.71972901,8,(1 0 0 0),0,1502,1419,1.058491896,1,1,1,0,0,0.004255319149
1E4K,18.023241,2,(1 0 0 0),0,1384,3658,2.643063584,1,2,2,0,0,0.00225606317
1E6E,14.058398,8,(1 0 0 0),0,859,3571,4.157159488,1,1,1,0,0,0.001405283867
1EAW,9.160546,12,(1 0 0 0),0,445,1864,4.188764045,1,1,1,0,0,0.003755364807
1ebo,4.6819143,12,(0 1 0 0),0,876,894,1.020547945,1,1,1,0,0,0.002283105023
1EER,26.42307849,13,(1 0 0 0),0,3328,1291,2.577846631,2,1,2,0,0,0.003084040093
1EFN,9.697858,5,(1 0 0 0),0,428,878,2.051401869,1,1,1,0,0,0.00118623962
1EWY,11.911653,12,(0 0 1 0),0,750,2492,3.322666667,1,2,2,0,150.5,0.001254705144
1EXB,13.35222,5,(1 0 0 0),0,3076,10372,3.371911573,4,4,1,0,0,0.00196155355
1EZU,20.551472,15,(0 0 1 0),0,2198,1656,1.327294686,2,1,2,0,0,0.007220216606
1F34,17.003366,7,(1 0 0 0),0,1074,2423,2.256052142,1,1,1,0,0,0.002470152326
1F51,7.7845864,12,(0 0 1 0),0,940,2993,3.184042553,1,2,2,0,0.5,0.0008035355564
1F6M,5.250722,25,(0 0 1 0),0,822,2476,3.01216545,1,1,1,0,0,0.001633319722
1FAK,8.552531,11,(1 0 0 0),1,1495,2782,1.860869565,1,2,2,0,71.5,0.008276899925
1FCC,17.346346,5,(0 0 1 0),0,434,3312,7.631336406,1,2,2,0,0,0.002415458937
1FFW,9.795287,9,(0 0 1 0),0,513,978,1.906432749,1,1,1,0,0,0
1FLE,10.795059,0,(1 0 0 0),0,341,1822,5.343108504,1,1,1,0,0,0.004390779363
1FQ1,13.092132,7,(1 0 0 0),0,2402,1439,1.669214732,2,1,2,147,0,0.007862759114
1FQJ,18.41422,16,(1 0 0 0),0,1111,2583,2.324932493,1,2,2,0,158,0.002721617418
1FSK,12.795807,40,(1 0 0 0),0,1230,3347,2.721138211,1,2,2,0,3,0.002987750224
1GCQ,14.70365846,2,(1 0 0 0),0,558,468,1.192307692,1,1,1,0,0,0.0005767012687
1GHQ,20.52347,12,(1 0 0 0),0,987,2417,2.448834853,1,1,1,0,0,0.0008631851532
1GL1,5.034663,12,(1 0 0 0),1,240,1754,7.308333333,1,1,1,0,0,0.005763688761
1GLA,13.725169,4,(0 0 1 0),0,1201,3778,3.145711907,1,1,1,0,0,0.001285016705
1GP2,17.378239,10,(1 0 0 0),0,3021,2788,1.083572453,2,1,2,142.5,0,0.003170828379
1GPW,20.27927924,25,(0 0 1 0),0,1616,1937,1.198638614,1,1,1,0,0,0.0005130836326
1GRN,15.405939,8,(1 0 0 0),0,1586,1522,1.042049934,1,2,2,0,95,0.003957783641
1GXD,38.85007905,10,(1 0 0 0),0,1504,4963,3.299867021,1,1,1,0,0,0.003448275862
1H1V,19.92985,8,(1 0 0 0),0,2539,2875,1.132335565,1,1,1,0,0,0
1H9D,14.949962,6,(1 0 0 0),1,1036,955,1.084816754,1,1,1,0,0,0
1HCF,13.3457155,11,(1 0 0 0),0,809,1802,2.227441286,1,2,2,0,0,0.007402837754
1HCF,12.135505,14,(1 0 0 0),0,809,1802,2.227441286,1,2,2,0,0,0.007402837754
1HE1,14.256699,14,(0 0 1 0),0,1374,997,1.378134403,1,1,1,0,0,0
1HE8,26.481602,6,(1 0 0 0),0,1358,6070,4.469808542,2,1,2,82.5,0,0.002352249338
1HIA,8.002676,11,(1 0 0 0),0,353,1787,5.062322946,1,2,2,0,35,0.005558643691
1I2M,14.752614,22,(1 0 0 0),0,2899,1346,2.153789004,1,1,1,0,0,0.001859888407
1I4D,19.335003,7,(1 0 0 0),0,1409,3004,2.132008517,2,2,1,88,1.5,0.0006216972334
1I9R,20.82111,31,(1 0 0 0),0,3297,3276,1.006410256,2,3,1.5,2,0,0.00269541779
1IB1,12.487434,4,(1 0 0 0),0,1656,3642,2.199275362,2,2,1,87,0,0.001633542064
1IBR,15.78849,11,(1 0 0 0),0,3573,1403,2.546685674,1,2,2,0,84,0.001992031873
1IJK,11.455652,7,(1 0 0 0),0,1595,2071,1.298432602,1,2,2,0,7,0.006734006734
1IQD,18.271923,10,(1 0 0 0),0,1246,3089,2.479133226,1,2,2,0,4,0.002589834898
1IRA,16.006872,1,(1 0 0 0),0,1139,2499,2.194029851,1,1,1,0,0,0.003987240829
1IRA,15.791844,5,(1 0 0 0),0,1139,2499,2.194029851,1,1,1,0,0,0.003987240829
1J2J,8.489479,4,(1 0 0 0),0,339,1354,3.994100295,1,1,1,0,0,0.0007331378299
1j30,13.888817,2,(0 0 0 0),0,1109,1084,1.023062731,1,1,1,0,0,0
1JIW,9.421321,11,(0 0 1 0),0,792,3505,4.425505051,1,1,1,0,0,0
1JIW,7.748635,8,(0 0 1 0),0,792,3505,4.425505051,1,1,1,0,0,0
1JK9,13.511953,2,(1 0 0 0),0,1107,1870,1.689250226,1,1,1,0,0,0.002944640754
1JMO,19.598406,3,(1 0 0 0),0,2470,3428,1.387854251,2,1,2,106,0,0.0009566326531
1JPS,21.01092,7,(1 0 0 0),0,1611,3247,2.015518312,1,2,2,0,0,0.002468373959
1JPS,19.029566,7,(1 0 0 0),0,1611,3247,2.015518312,1,2,2,0,0,0.002468373959
1JTD,18.96355,12,(0 0 1 0),0,2018,1932,1.044513458,1,1,1,0,0,0
1JTG,19.37982896,13,(0 0 1 0),0,1235,2022,1.637246964,1,1,1,0,0,0.0009852216749
1JWH,29.574873,15,(1 0 0 0),0,2860,3293,1.151398601,1,2,2,0,2,0.004
1JZD,12.628892,8,(0 0 1 0),0,945,3278,3.468783069,1,2,2,0,2.5,0.001834862385
1K5D,15.482612,33,(1 0 0 0),0,2698,2900,1.074870274,1,3,3,0,86.05553762,0.002163721601
1K74,14.385933,6,(1 0 0 0),1,2297,1840,1.248369565,2,2,1,128,111,0.002160994057
1KAC,20.27203089,3,(1 0 0 0),0,959,1401,1.460896767,1,1,1,0,0,0.002141327623
1KKL,18.88203889,4,(0 0 1 0),0,625,3805,6.088,1,3,3,0,0.8164965809,0
1KLU,23.755198,5,(0 0 1 0),1,1880,3027,1.610106383,1,2,2,0,5.5,0.00197109067
1kq1,11.829566,12,(0 0 1 0),0,499,499,1,1,1,1,0,0,0
1kq1,10.344348,22,(0 0 1 0),0,490,537,1.095918367,1,1,1,0,0,0
1KTZ,13.835674,1,(1 0 0 0),0,840,653,1.286370597,1,1,1,0,0,0.01011235955
1KXP,17.795023,12,(1 0 0 0),0,3431,2767,1.239971088,1,2,2,0,174,0
1KXQ,14.150837,25,(1 0 0 0),0,916,3910,4.268558952,1,1,1,0,0,0.00307062436
1LFD,11.041664,5,(1 0 0 0),0,697,1363,1.955523673,1,1,1,0,0,0.00221402214
1M10,18.80060783,10,(1 0 0 0),0,2087,1601,1.303560275,1,1,1,0,0,0.001199760048
1M27,15.30145631,0,(1 0 0 0),1,491,913,1.859470468,1,2,2,0,46.5,0.002190580504
1MAH,11.658175,8,(1 0 0 0),0,460,4116,8.947826087,1,1,1,0,0,0.001442654484
1ML0,12.054237,1,(1 0 0 0),0,515,5706,11.07961165,1,2,2,0,0,0.003855590606
1MLC,10.795597,18,(1 0 0 0),0,1001,3290,3.286713287,1,2,2,0,2,0.003039513678
1MLC,9.87216,19,(1 0 0 0),0,1001,3290,3.286713287,1,2,2,0,2,0.003039513678
1MQ8,18.127504,15,(1 0 0 0),0,1419,1421,1.001409443,1,1,1,0,0,0.004178272981
1N2C,35.6499,23,(0 0 1 0),0,4132,15926,3.854307841,2,4,2,0,22,0.002155855684
1N2C,31.470953,22,(0 0 1 0),0,4132,15926,3.854307841,2,4,2,0,22,0.002155855684
1NCA,17.968838,12,(1 0 0 0),0,3075,3329,1.082601626,1,2,2,0,3.5,0.003003905077
1nq3,17.738956,16,(1 0 0 0),0,972,977,1.005144033,1,1,1,0,0,0
1nqm,21.48517391,15,(0 0 1 0),0,873,882,1.010309278,1,1,1,0,0,0
1nqu,10.943029,20,(0 0 1 0),0,1177,1177,1,1,1,1,0,0,0.000849617672
1NSN,13.322651,3,(0 0 1 0),0,1108,3282,2.962093863,1,2,2,0,3.5,0.002437538087
1NW9,12.494381,1,(1 0 0 0),0,746,1843,2.470509383,1,1,1,0,0,0.005854177754
1NW9,10.197627,1,(1 0 0 0),0,746,1843,2.470509383,1,1,1,0,0,0.005854177754
1OC0,7.999199,9,(1 0 0 0),0,286,2901,10.14335664,1,1,1,0,0,0
1OFU,21.36989,18,(0 0 1 0),0,2208,1828,1.207877462,1,2,2,0,0,0.002183406114
1OPH,13.948154,9,(1 0 0 0),0,1624,2918,1.79679803,1,1,1,0,0,0.0003382949932
1OYV,7.761569,8,(0 0 1 0),0,781,1920,2.458386684,1,1,1,0,0,0
1p7z,14.743054,7,(0 0 1 0),0,5744,5744,1,1,1,1,0,0,0
1pj1,9.0090475,7,(0 0 1 0),0,2781,2781,1,1,1,1,0,0,0.001797914419
1pjl,21.107668,11,(1 0 0 0),0,4232,4232,1,1,1,1,0,0,0
1pjl,20.886862,16,(1 0 0 0),0,4232,4232,1,1,1,1,0,0,0
1PPE,7.537558,3,(1 0 0 0),0,222,1629,7.337837838,1,1,1,0,0,0.007366482505
1PVH,13.306229,8,(1 0 0 0),0,1292,1624,1.256965944,1,1,1,0,0,0.003022974607
1PXV,13.843385,6,(0 0 1 0),0,922,1486,1.611713666,1,1,1,0,0,0.001419446416
1QA9,17.4538421,3,(1 0 0 0),0,776,846,1.090206186,1,1,1,0,0,0.002764340014
1QFW,26.99663095,14,(1 0 0 0),0,1476,1762,1.193766938,2,2,1,12,6.5,0.00227014756
1R0R,5.916452,8,(0 0 1 0),0,383,1918,5.007832898,1,1,1,0,0,0
1R6Q,16.67104,6,(0 0 1 0),0,694,1126,1.622478386,1,1,1,0,0,0.0008880994671
1R8S,19.76329219,7,(1 0 0 0),0,1521,1313,1.158415842,1,2,2,0,79.5,0.0006798096533
1RKE,13.89062,7,(1 0 0 0),0,1370,2060,1.503649635,1,1,1,0,0,0.0009852216749
1RLB,21.635784,19,(1 0 0 0),0,1453,3760,2.587749484,2,4,2,86,1.5,0.001146788991
1RV6,17.07794,15,(1 0 0 0),0,745,1495,2.006711409,1,2,2,0,0.5,0.01034928849
1S1Q,6.8417797,8,(1 0 0 0),0,566,1106,1.954063604,1,1,1,0,0,0.00172860847
1s57,11.125654,18,(1 0 0 0),0,1167,1167,1,1,1,1,0,0,0.002504173623
1s57,10.814376,22,(1 0 0 0),0,1198,1167,1.026563839,1,1,1,0,0,0.002504173623
1s57,10.773392,22,(1 0 0 0),0,1198,1198,1,1,1,1,0,0,0.002504173623
1s57,10.708545,21,(1 0 0 0),0,1167,1167,1,1,1,1,0,0,0.002504173623
1s5z,8.180616,15,(1 0 0 0),0,1147,1147,1,1,1,1,0,0,0
1S78,24.127222,25,(1 0 0 0),0,4277,3322,1.287477423,1,2,2,0,4,0.00300932892
1SBB,19.996614,12,(0 0 1 0),0,1975,1826,1.081599124,1,1,1,0,0,0.00273822563
1sk6,13.728079,6,(0 0 0 0),0,3706,1125,3.294222222,1,1,1,0,0,0
1sk6,6.015103,6,(0 0 1 0),0,3924,1125,3.488,1,1,1,0,0,0
1sk6,4.118489,5,(0 0 1 0),0,3937,1125,3.499555556,1,1,1,0,0,0
1slt,14.97206739,3,(1 0 0 0),0,988,991,1.003036437,1,1,1,0,0,0
1swd,18.09079,10,(0 0 1 0),0,875,882,1.008,1,1,1,0,0,0
1swl,4.535472,12,(0 0 1 0),0,835,835,1,1,1,1,0,0,0
1swp,17.156012,8,(0 0 1 0),0,872,872,1,1,1,1,0,0,0
1SYX,20.57279186,11,(1 0 0 0),0,518,1112,2.146718147,1,1,1,0,0,0.001904761905
1T6B,14.798394,13,(0 0 1 0),0,1316,5379,4.087386018,1,1,1,0,0,0
1TMQ,8.135054,12,(1 0 0 0),0,889,3598,4.047244094,2,1,2,58,0,0.002495840266
1tnu,5.6943393,48,(1 0 0 0),1,2675,2719,1.016448598,1,1,1,0,0,0.0007476635514
1UDI,13.895439,5,(0 1 0 0),0,654,1818,2.779816514,1,1,1,0,0,0.003285870756
1VFB,14.918981,3,(1 0 0 0),0,1001,1730,1.728271728,1,2,2,0,4.5,0.002297530155
1VFB,12.513424,6,(1 0 0 0),0,1001,1730,1.728271728,1,2,2,0,4.5,0.002297530155
1WDW,23.90523,52,(0 0 0 0),0,1895,5954,3.141952507,1,2,2,0,0,0.0003350083752
1WEJ,13.273216,7,(1 0 0 0),0,868,3340,3.847926267,1,2,2,0,4.5,0.003013863773
1WQ1,15.902829,8,(1 0 0 0),0,1350,2533,1.876296296,2,1,2,82.5,0,0.002316602317
1ww6,6.1657743,23,(1 0 0 0),0,1193,1193,1,1,1,1,0,0,0
1wwr,13.452335,7,(0 0 1 0),0,1232,1252,1.016233766,1,1,1,0,0,0.003246753247
1XD3,4.7314878,18,(1 0 0 0),0,597,1829,3.063651591,1,1,1,0,0,0.001807228916
1XQS,23.75069917,7,(1 0 0 0),0,1339,2046,1.528005975,2,1,2,82,0,0.006042296073
1XU1,12.033187,12,(1 0 0 0),0,307,3252,10.59283388,1,3,3,0,0,0.001911436763
1Y64,23.343071,9,(1 0 0 0),0,2815,3335,1.184724689,2,1,2,177.5,0,0.0008995502249
1YVB,8.386599,12,(1 0 0 0),0,881,1908,2.165720772,1,1,1,0,0,0.004716981132
1Z0K,11.60526,11,(1 0 0 0),0,475,1347,2.835789474,1,2,2,0,84,0.002105263158
1Z5Y,9.168853,3,(0 0 1 0),0,952,1089,1.143907563,1,1,1,0,0,0.001684919966
1ZHH,20.451796,13,(0 0 1 0),0,1651,2775,1.680799515,1,1,1,0,0,0.000366703337
1ZHI,19.408749,3,(1 0 0 0),0,1036,1597,1.541505792,1,1,1,0,0,0.0006031363088
1ZHI,18.932241,3,(1 0 0 0),0,1036,1597,1.541505792,1,1,1,0,0,0.0006031363088
1ZLI,12.362784,3,(1 0 0 0),0,533,2440,4.577861163,1,1,1,0,0,0.002157164869
1ZM4,18.368637,30,(0 0 1 0),0,1630,6405,3.929447853,1,1,1,0,0,0.001246300047
2A1A,19.978636,7,(1 0 0 0),0,1314,2178,1.657534247,1,1,1,0,0,0.001961745954
2A1A,16.15874,3,(1 0 0 0),0,1314,2178,1.657534247,1,1,1,0,0,0.001961745954
2A5T,13.213234,10,(1 0 0 0),0,2096,2075,1.010120482,1,1,1,0,0,0.003109729009
2A9K,20.683178,10,(1 0 0 0),0,1671,1396,1.196991404,1,1,1,0,0,0.000726744186
2A9K,16.367977,9,(1 0 0 0),0,1627,1368,1.189327485,1,1,1,0,0,0.000726744186
2a9w,3.9157052,24,(0 0 1 0),0,2142,2142,1,1,1,1,0,0,0.00233426704
2ABZ,9.217722,4,(1 0 0 0),0,463,2392,5.166306695,1,1,1,0,0,0.0008322929671
2AJF,23.418056,16,(1 0 0 0),0,1403,4870,3.471133286,1,1,1,0,0,0.001642373229
2aq6,7.293921,8,(0 0 1 0),0,1116,1116,1,1,1,1,0,0,0
2aqp,9.215119,8,(0 0 1 0),0,1148,1148,1,1,1,1,0,0,0.001742160279
2AYO,11.936378,4,(0 0 0 0),0,597,2810,4.706867672,1,1,1,0,0,0.002940095553
2AYO,9.380991,1,(1 0 0 0),0,597,2810,4.706867672,1,1,1,0,0,0.002940095553
2b24,17.5495,30,(0 0 1 0),0,3506,3506,1,1,1,1,0,0,0
2b24,13.869269,39,(0 0 1 0),0,3506,1330,2.636090226,1,1,1,0,0,0
2b2e,12.637305,2,(0 1 0 0),1,962,962,1,1,1,1,0,0,0.002079002079
2B42,5.8370814,10,(0 0 1 0),0,1443,2604,1.804573805,1,1,1,0,0,0.004624277457
2B4J,13.304368,10,(1 0 0 0),0,664,2175,3.27560241,1,2,2,0,5,0.001808318264
2BTF,14.497178,10,(1 0 0 0),0,1047,2951,2.818529131,1,2,2,0,187,0
2C0L,13.094595,4,(1 0 0 0),0,922,2280,2.472885033,1,1,1,0,0,0.002141327623
2CFH,16.10953989,9,(1 0 0 0),0,1192,1293,1.084731544,1,1,1,0,0,0.00243902439
2cfx,22.11786,7,(0 0 1 0),0,1080,1076,1.003717472,1,1,1,0,0,0
2cfx,21.12194,7,(0 0 1 0),0,1076,1076,1,1,1,1,0,0,0
2DD8,13.977326,13,(1 0 0 0),0,1530,3210,2.098039216,1,2,2,0,4,0.002506265664
2eb6,18.348448,24,(0 0 1 0),0,2094,2085,1.004316547,1,1,1,0,0,0
2ed3,4.5486646,14,(0 0 0 0),0,2086,2086,1,1,1,1,0,0,0.0004793863854
2ed5,4.6701894,12,(0 0 0 0),0,2088,2088,1,1,1,1,0,0,0.0004789272031
2ed6,9.974966,15,(0 1 0 0),0,1288,1288,1,1,1,1,0,0,0.0007763975155
2FD6,14.135116,12,(1 0 0 0),0,1906,3266,1.713536201,1,2,2,0,1,0.002759889604
2FJG,16.49495,22,(1 0 0 0),0,1531,3250,2.122795558,2,2,1,0.5,3.5,0.002769230769
2FJU,12.659073,12,(1 0 0 0),0,1415,5611,3.965371025,1,1,1,0,0,0.001577840112
2G77,19.69295348,2,(1 0 0 0),0,1402,2767,1.97360913,1,1,1,0,0,0.001103752759
2GAF,22.21139893,7,(0 1 0 0),0,2369,3640,1.536513297,1,1,1,0,0,0.001883239171
2GTP,11.618503,15,(1 0 0 0),0,1026,2482,2.419103314,1,1,1,0,0,0.003144654088
2H7V,26.108248,6,(0 0 1 0),0,1439,2151,1.494788047,1,1,1,0,0,0
2HLE,18.88607,1,(1 0 0 0),0,994,1473,1.481891348,1,1,1,0,0,0.002772002772
2hmf,29.15299802,17,(0 0 0 0),0,3540,3540,1,1,1,1,0,0,0
2hmf,13.603851,18,(0 0 0 0),0,3540,3540,1,1,1,1,0,0,0
2HMI,37.14354746,11,(1 0 0 0),1,3264,7630,2.337622549,2,2,1,3,64,0.0002491590881
2HQS,18.026546,37,(0 0 1 0),0,858,3106,3.62004662,1,1,1,0,0,0
2HRK,6.829573,3,(1 0 0 0),0,831,1353,1.628158845,1,1,1,0,0,0.001453488372
2I25,4.9394584,12,(1 0 0 0),0,1000,877,1.140250855,1,1,1,0,0,0.004587155963
2I9B,13.364759,28,(1 0 0 0),0,966,2034,2.105590062,1,1,1,0,0,0.0137254902
2IDO,14.983212,9,(0 0 1 0),0,604,1360,2.251655629,1,1,1,0,0,0.001470588235
2J0T,15.193749,16,(1 0 0 0),0,906,1268,1.399558499,1,1,1,0,0,0
2j3g,7.3262973,33,(1 0 0 0),0,1732,1714,1.01050175,1,1,1,0,0,0.003464203233
2j3g,7.079491,31,(1 0 0 0),0,1739,1714,1.014585764,1,1,1,0,0,0.003464203233
2J7P,15.918606,16,(0 0 1 0),0,2039,2279,1.117704757,1,1,1,0,0,0
2JEL,9.296845,2,(0 0 1 0),0,640,3297,5.1515625,1,2,2,0,0.5,0.002426448286
2MTA,9.743291,7,(0 0 1 0),0,807,3853,4.774473358,1,2,2,0,124,0.003746320578
2nq2,24.26090551,7,(0 0 1 0),0,2347,2258,1.039415412,1,1,1,0,0,0
2NZ8,15.079835,4,(1 0 0 0),0,1383,2280,1.648590022,1,1,1,0,0,0.002396166134
2O3B,10.500007,8,(0 0 1 0),0,1056,1856,1.757575758,1,1,1,0,0,0.0005488474204
2O8V,9.206149,2,(0 0 1 0),0,821,1851,2.2545676,1,1,1,0,0,0
2oie,13.266086,4,(1 0 0 0),0,850,805,1.055900621,1,1,1,0,0,0.001176470588
2OOB,5.222625,2,(1 0 0 0),0,574,350,1.64,1,1,1,0,0,0
2OOR,11.894926,9,(0 0 1 0),0,1350,5454,4.04,1,2,2,0,7,0.001120657452
2OT3,14.682553,3,(1 0 0 0),0,1209,1970,1.629445823,1,1,1,0,0,0.003984063745
2OUL,11.857257,9,(1 0 0 0),0,827,1908,2.30713422,1,1,1,0,0,0.004817987152
2p7v,11.251227,2,(0 0 1 0),0,1211,559,2.166368515,1,1,1,0,0,0.0008257638315
2PCC,13.780174,13,(1 0 0 0),0,890,2414,2.712359551,1,1,1,0,0,0.0004198152813
2SIC,10.974614,11,(0 0 1 0),0,764,1938,2.536649215,1,1,1,0,0,0
2SIC,9.573866,6,(0 0 1 0),0,764,1938,2.536649215,1,1,1,0,0,0
2SNI,8.082659,6,(0 0 1 0),0,513,1938,3.777777778,1,1,1,0,0,0
2SNI,7.6554103,10,(0 0 1 0),0,513,1938,3.777777778,1,1,1,0,0,0
2UUY,7.604281,2,(1 0 0 0),0,397,1629,4.103274559,1,1,1,0,0,0.007366482505
2VDB,17.557098,2,(0 0 1 0),0,437,4346,9.945080092,1,1,1,0,0,0.007789895393
2VDB,15.270472,2,(0 0 1 0),0,437,4346,9.945080092,1,1,1,0,0,0.007789895393
2VXT,8.411736,17,(1 0 0 0),0,1255,3230,2.573705179,1,2,2,0,3,0.003035822708
2W9E,20.924488,9,(1 0 0 0),0,828,3249,3.923913043,1,2,2,0,1.5,0.002460781298
2ww2,25.77304,29,(0 0 1 0),0,5846,5833,1.002228699,1,1,1,0,0,0
2ww2,19.716192,30,(0 0 0 0),0,5802,5833,1.005342985,1,1,1,0,0,0
2X9A,9.258956,4,(0 0 1 0),0,476,664,1.394957983,1,1,1,0,0,0.002642007926
2YVJ,18.02349641,20,(0 0 1 0),0,808,3080,3.811881188,1,1,1,0,0,0.001307189542
2Z0E,18.39894,3,(1 0 0 0),0,946,2447,2.586680761,1,1,1,0,0,0.004322200393
3A4S,17.38792589,7,(1 0 0 0),0,493,1245,2.52535497,1,1,1,0,0,0.003157063931
3a98,12.304459,0,(1 0 0 0),0,1246,1507,1.209470305,1,1,1,0,0,0.0008025682183
3a9s,30.314968,18,(0 0 1 0),0,4604,4604,1,1,1,1,0,0,0
3AAA,17.111626,9,(1 0 0 0),0,896,4137,4.6171875,1,2,2,0,8.5,0.001707317073
3AAD,13.070066,10,(1 0 0 0),0,1231,2164,1.75792039,1,1,1,0,0,0.001824817518
3BIW,20.147617,39,(1 0 0 0),0,1359,4186,3.080206034,1,1,1,0,0,0.001596351197
3BP8,16.17624,10,(0 0 0 0),0,542,5845,10.78413284,1,2,2,0,0.5,0.001364721938
3BX7,18.057762,2,(0 0 0 0),0,897,1389,1.548494983,1,1,1,0,0,0.001489203276
3cf0,23.08872213,62,(1 0 0 0),0,2199,2199,1,1,1,1,0,0,0
3cf0,22.91793111,57,(1 0 0 0),0,2199,2199,1,1,1,1,0,0,0
3cf0,22.91793111,56,(1 0 0 0),0,2199,2199,1,1,1,1,0,0,0
3CPH,19.268908,17,(1 0 0 0),0,1407,3519,2.501066098,1,1,1,0,0,0.001436781609
3D5S,16.759129,12,(0 0 1 0),0,521,2335,4.481765835,1,1,1,0,0,0.0008631851532
3DAW,14.796002,9,(1 0 0 0),0,1155,2931,2.537662338,1,1,1,0,0,0.001821493625
3dmp,24.34559749,18,(0 0 1 0),0,1676,1666,1.006002401,1,1,1,0,0,0
3dmp,7.136693,16,(0 0 1 0),0,1676,1676,1,1,1,1,0,0,0
3edp,19.32488,7,(0 0 1 0),0,1762,1736,1.014976959,1,1,1,0,0,0
3EO1,21.915592,30,(1 0 0 0),0,1778,3250,1.827896513,2,2,1,0,0.5,0.003047851265
3EOA,8.925069,19,(1 0 0 0),0,1438,3286,2.28511822,1,2,2,0,0.5,0.002445735249
3F1P,12.169281,4,(1 0 0 0),0,924,925,1.001082251,1,1,1,0,0,0.004347826087
3FN1,15.993732,2,(1 0 0 0),0,715,1276,1.784615385,1,1,1,0,0,0.003646973012
3G6D,9.666691,8,(1 0 0 0),0,818,3236,3.95599022,1,2,2,0,6.5,0.002473716759
3H11,13.544788,12,(1 0 0 0),1,1723,1871,1.085896692,1,2,2,0,112,0.005109862034
3H2V,8.929556,5,(1 0 0 0),0,599,1351,2.25542571,1,1,1,0,0,0.002390438247
3HI6,13.572886,19,(1 0 0 0),0,1446,3240,2.2406639,1,2,2,0,4,0.002751452155
3hm2,12.162584,29,(0 0 1 0),0,1270,1279,1.007086614,1,1,1,0,0,0.0007874015748
3hmu,15.59642,7,(0 0 1 0),0,3569,3535,1.009618105,1,1,1,0,0,0
3K75,14.174386,19,(1 0 0 0),0,1154,2009,1.740901213,1,1,1,0,0,0.001560874089
3kqf,12.867304,7,(0 0 1 0),0,1922,1922,1,1,1,1,0,0,0.001040582726
3kqx,17.711891,84,(1 0 0 0),0,3888,3776,1.029661017,1,1,1,0,0,0
3kqx,16.656525,86,(1 0 0 0),0,3931,3776,1.041048729,1,1,1,0,0,0
3L5W,10.211737,19,(1 0 0 0),0,775,3321,4.28516129,1,2,2,0,5,0.002440512508
3L89,18.954222,81,(1 0 0 0),0,987,4265,4.321175279,1,3,3,0,0.4714045208,0.001407129456
3LVK,11.971795,10,(0 0 1 0),0,585,6098,10.42393162,1,2,2,0,0,0.0006479831524
3MJ9,16.336308,13,(1 0 0 0),0,1841,3154,1.713199348,1,2,2,0,0.5,0.002848101266
3MXW,11.39377,15,(1 0 0 0),0,1226,3311,2.700652529,1,2,2,0,4,0.002416188463
3nqn,8.9339285,8,(0 0 1 0),0,1097,1080,1.015740741,1,1,1,0,0,0
3oix,8.898297,21,(0 0 1 0),0,2332,2327,1.002148689,1,1,1,0,0,0.002144082333
3P57,21.27138745,12,(1 0 0 0),1,837,1484,1.772998805,1,2,2,0,0,0.00269541779
3p7x,13.051565,15,(0 0 1 0),0,1273,1259,1.011119936,1,1,1,0,0,0.001571091909
3PC8,10.534506,10,(1 0 0 0),0,610,809,1.326229508,1,1,1,0,0,0.001196172249
3pj5,13.324085,13,(1 0 0 0),0,1765,1765,1,1,1,1,0,0,0.002266288952
3R9A,18.383703,22,(1 0 0 0),0,2266,5981,2.63945278,1,2,2,0,1,0.002021563342
3RVW,17.64141,13,(1 0 0 0),0,1758,3326,1.891922639,1,2,2,0,3.5,0.002368265246
3S9D,17.545876,6,(1 0 0 0),0,1032,1441,1.396317829,1,1,1,0,0,0.003510825044
3SE8,20.25488,10,(1 0 0 0),0,2693,3359,1.247307835,1,2,2,0,9.5,0.003538779121
3SGQ,8.494725,2,(0 0 1 0),0,388,1309,3.37371134,1,1,1,0,0,0.003055767762
3sk1,9.981788,11,(0 0 1 0),0,986,988,1.002028398,1,1,1,0,0,0.001014198783
3sk2,17.81966,5,(0 0 1 0),0,1055,1055,1,1,1,1,0,0,0
3sll,22.219748,16,(0 0 1 0),0,1950,1923,1.014040562,1,1,1,0,0,0
3sll,22.219748,9,(0 0 1 0),0,1950,1923,1.014040562,1,1,1,0,0,0
3sll,21.923346,9,(0 0 1 0),0,1933,1937,1.002069322,1,1,1,0,0,0
3sll,16.647066,14,(0 0 1 0),0,1959,1933,1.013450595,1,1,1,0,0,0
3slp,10.484818,9,(0 1 0 0),1,1821,1821,1,1,1,1,0,0,0.002196595277
3sw5,9.332714,20,(0 0 1 0),0,1331,1307,1.018362663,1,1,1,0,0,0.001502629602
3swc,5.0037794,12,(1 0 0 0),1,2081,2088,1.003363767,1,1,1,0,0,0.009130225853
3SZK,23.61565766,17,(0 0 1 0),0,1152,1983,1.721354167,1,2,2,0,8.5,0.001318101933
3SZK,20.70028898,20,(0 0 1 0),0,1152,2069,1.796006944,1,2,2,0,8.5,0.001318101933
3tnp,25.213192,11,(1 0 0 0),0,2132,2756,1.292682927,1,1,1,0,0,0
3tnz,3.496285,5,(1 0 0 0),0,1791,1781,1.005614823,1,1,1,0,0,0
3U7Y,18.207174,12,(1 0 0 0),0,2663,3307,1.24183252,1,2,2,0,6.5,0.003558718861
3V6Z,15.181113,15,(1 0 0 0),0,1182,3359,2.84179357,1,2,2,0,1,0.002397362901
3VLB,27.96016017,17,(1 0 0 0),0,1627,2991,1.838352797,1,1,1,0,0,0.003931847969
3WD5,23.175945,16,(1 0 0 0),0,3561,3245,1.097380586,3,2,1.5,0,0.5,0.002572347267
4aq2,16.477139,109,(0 0 1 0),0,3282,3263,1.005822862,1,1,1,0,0,0
4aqa,7.948811,6,(1 0 0 0),0,1605,1883,1.173208723,1,1,1,0,0,0
4aqn,36.93968462,8,(0 0 1 0),0,2702,2690,1.004460967,1,1,1,0,0,0
4CPA,6.906096,11,(1 0 0 0),0,285,2437,8.550877193,1,1,1,0,0,0.0008206811654
4DN4,8.11009,10,(1 0 0 0),1,486,3223,6.631687243,1,2,2,0,0.5,0.002493765586
4DW2,18.497833,15,(1 0 0 0),0,1763,3244,1.840045377,1,2,2,0,2,0.002759043532
4eba,21.677664,8,(1 0 0 0),0,4646,618,7.517799353,1,1,1,0,0,0
4eba,19.497345,10,(1 0 0 0),0,4823,618,7.80420712,1,1,1,0,0,0
4eba,15.667229,11,(1 0 0 0),0,4874,4646,1.049074473,1,1,1,0,0,0
4edz,5.319825,8,(1 0 0 0),0,1638,1625,1.008,1,1,1,0,0,0.001831501832
4ETQ,13.630021,19,(1 0 0 0),0,1792,3271,1.825334821,1,2,2,0,1.5,0.003050640635
4FQI,35.750137,9,(1 0 0 0),0,11970,3164,3.783185841,6,2,3,74,2,0.002486788934
4FZA,22.01508351,6,(1 0 0 0),0,2238,2632,1.176050045,1,1,1,0,0,0.001168679392
4G6J,10.590626,9,(0 0 0 0),0,1193,3273,2.743503772,1,2,2,0,3,0.002444240758
4G6M,11.455494,7,(0 0 0 0),0,1201,3300,2.747710241,1,2,2,0,3.5,0.002430872075
4GAM,12.6166115,57,(0 0 0 0),0,1045,17454,16.70239234,1,6,6,0,142.7655421,0.0009244814237
4GXU,58.26968906,46,(1 0 0 0),0,11799,3293,3.583054965,6,2,3,78.5,7,0.002429395688
4H03,22.007225,11,(0 0 1 0),0,2820,3415,1.210992908,1,1,1,0,0,0
4hm1,3.0869634,7,(0 0 1 0),0,3473,1600,2.170625,1,1,1,0,0,0.001727613015
4HX3,12.709737,32,(0 0 1 0),0,1026,1630,1.588693957,1,2,2,0,2,0.004801920768
4IZ7,10.252187,11,(1 0 0 0),0,699,2783,3.981402003,1,1,1,0,0,0.002415458937
4j38,11.358077,4,(0 0 1 0),0,978,935,1.045989305,1,1,1,0,0,0
4j3f,12.245829,32,(0 0 1 0),0,1937,1937,1,1,1,1,0,0,0.002581311306
4JCV,13.544654,8,(0 0 1 0),0,1638,5891,3.596459096,1,4,4,0,2.165063509,0.003315649867
4LW4,11.8243885,19,(0 0 1 0),0,1104,6021,5.453804348,1,2,2,0,3,0.001314060447
4M3K,16.007296,7,(0 0 1 0),0,2031,859,2.364377183,1,1,1,0,0,0.002325581395
4M5Z,18.257633,11,(1 0 0 0),0,1674,3254,1.943847073,1,2,2,0,4,0.002479851209
4M76,13.209126,10,(1 0 0 0),0,1445,2325,1.60899654,1,1,1,0,0,0.0008635578584
4oip,27.532476,16,(0 0 1 0),1,8774,2807,3.125757036,1,1,1,0,0,0
4oip,18.860292,16,(0 0 1 0),1,1789,8774,4.904415875,1,1,1,0,0,0
4oiz,13.623114,5,(0 0 1 0),0,795,796,1.001257862,1,1,1,0,0,0
4p7c,29.35213483,2,(0 0 1 0),0,2485,2465,1.00811359,1,1,1,0,0,0
4p7s,9.004719,0,(1 0 0 0),0,681,654,1.041284404,1,1,1,0,0,0.005873715125
4POU,14.06781349,5,(1 0 0 0),0,922,904,1.019911504,1,1,1,0,0,0.002202643172
4POU,12.707526,6,(1 0 0 0),0,922,904,1.019911504,1,1,1,0,0,0.002202643172
4tn5,18.07619871,7,(0 0 1 0),0,860,860,1,1,1,1,0,0,0
4tnp,12.683036,30,(1 0 0 0),0,3913,3930,1.004344493,1,1,1,0,0,0.002555583951
4wwa,11.790681,5,(1 0 0 0),0,1655,1278,1.294992175,1,1,1,0,0,0.001812688822
4Y7M,17.27270235,9,(0 0 1 0),0,1856,959,1.935349322,1,1,1,0,0,0.004016064257
5C7X,10.631669,12,(1 0 0 0),0,926,3136,3.386609071,1,2,2,0,4,0.002535657686
5C7X,10.142398,16,(1 0 0 0),0,926,3136,3.386609071,1,2,2,0,4,0.002535657686
5CBA,7.273918,19,(1 0 0 0),0,488,1799,3.68647541,1,2,2,0,7.5,0.002214839424
5cff,26.676039,14,(1 0 0 0),0,650,519,1.252408478,1,1,1,0,0,0.001926782274
5dm3,22.995651,20,(0 0 1 0),0,2859,2964,1.036726128,1,1,1,0,0,0
5dm7,7.7577877,48,(0 0 1 0),0,727,534,1.361423221,1,1,1,0,0,0
5E5M,17.71841,15,(1 0 0 0),0,890,834,1.067146283,1,1,1,0,0,0.002395209581
5GRJ,26.12526397,11,(1 0 0 0),0,1706,1692,1.008274232,1,2,2,0,5,0.00248447205
5HGG,17.06643134,12,(1 0 0 0),0,1942,947,2.050686378,1,1,1,0,0,0.004250797024
5HGG,14.135893,13,(1 0 0 0),0,1942,947,2.050686378,1,1,1,0,0,0.004250797024
5HYS,31.93057213,47,(1 0 0 0),0,3378,3342,1.010771993,2,2,1,0.5,2.5,0.002706766917
5JMO,16.029434,26,(1 0 0 0),1,3591,885,4.057627119,1,1,1,0,0,0.002259887006
5JMO,15.308416,23,(1 0 0 0),1,3591,885,4.057627119,1,1,1,0,0,0.002259887006
5KOV,17.744415,65,(1 0 0 0),0,3501,1726,2.02838934,2,2,1,1,3.5,0.002770083102
5O14,20.433743,25,(0 0 1 0),0,1692,3249,1.920212766,1,2,2,0,4.5,0.002955956252
5O1R,11.460019,17,(0 0 1 0),0,862,3277,3.80162413,1,2,2,0,7.5,0.002447231569
5VNW,17.304335,9,(1 0 0 0),1,4603,935,4.922994652,1,1,1,0,0,0.002166847237
5WHK,24.87936313,8,(1 0 0 0),0,2747,3083,1.122315253,2,2,1,77.5,0.5,0.002588159172
5WK3,8.4279785,37,(1 0 0 0),0,462,3317,7.17965368,1,2,2,0,2.5,0.002410364568
5WUX,22.149872,32,(1 0 0 0),0,3265,3242,1.007094386,3,2,1.5,2.357022604,0.5,0.002431610942
5Y9J,16.95645,11,(1 0 0 0),0,3429,3187,1.07593348,3,2,1.5,0,4,0.00252286345
6A77,11.110566,4,(1 0 0 0),0,686,3245,4.7303207,1,2,2,0,3,0.002479082739
6AL0,16.16713,9,(0 0 1 0),0,1422,3261,2.293248945,1,2,2,0,2,0.002519685039
6B0S,9.417371,8,(1 0 0 0),0,495,3197,6.458585859,1,2,2,0,3.5,0.002791563275
6B0S,8.142242,9,(1 0 0 0),0,495,3197,6.458585859,1,2,2,0,3.5,0.002791563275
6BPC,22.63297,19,(1 0 0 0),0,2410,3255,1.350622407,1,2,2,0,0.5,0.002469898117
6CWG,20.52618892,15,(1 0 0 0),0,2074,948,2.187763713,1,1,1,0,0,0.004149377593
6DBG,16.859732,13,(0 0 1 0),0,2232,866,2.577367206,1,1,1,0,0,0.004223864836
6HER,14.28194,4,(1 0 0 0),0,845,944,1.117159763,1,1,1,0,,0.00215285253
6HHD,17.1859,7,(1 0 0 0),0,1686,1858,1.102016607,1,1,1,0,,0.00215285253
6JB8,14.23776,9,(1 0 0 0),0,1001,953,1.050367261,1,1,1,0,,0.00205338809
6JHT,35.40794786,8,(0 1 0 0),0,5696,3263,1.745632853,3,2,1.5,18.3545332,,0.002757352941
6LGW,26.55680477,16,(0 1 0 0),0,2902,1720,1.687209302,1,2,2,0,,0.001842374616
6OC3,15.8511,26,(1 0 0 0),0,1701,3320,1.951793063,1,2,2,0,5.5,0.003026634383
6OEJ,27.21408235,11,(0 1 0 0),0,2497,3354,1.343211854,1,2,2,0,,0.002407463136
6OFI,19.304995,13,(0 0 0 0),0,2456,3261,1.32776873,1,2,2,0,,0.002449479486
6ORN,41.67125,29,(0 1 0 0),0,4472,1865,2.397855228,2,2,1,159,,0.002976190476
6OTC,15.032848,11,(0 1 0 0),0,943,3276,3.474019088,1,2,2,0,,0.003011141223
6P4B,17.158676,20,(1 0 0 0),0,986,3126,3.170385396,1,2,2,0,,0.00253968254
6P50,10.678686,10,(1 0 0 0),0,679,3297,4.855670103,1,2,2,0,,0.002405291642
6PXH,27.522842,24,(0 1 0 0),0,2647,3267,1.234227427,1,2,2,0,,0.002477547228
6PZ8,49.10405,51,(0 1 0 0),0,7556,1653,4.57108288,2,2,1,25,,0.002477547228
6PZW,24.33774471,59,(0 1 0 0),0,3054,1747,1.748139668,1,2,2,0,,0.00306936771
6PZZ,24.94955907,36,(0 1 0 0),0,3054,1742,1.75315729,1,2,2,0,,0.001230390649
6Q0O,14.546255,11,(0 1 0 0),0,1721,3298,1.916327716,1,2,2,0,,0.003032140691
6QB6,9.630921,7,(1 0 0 0),0,1265,3164,2.501185771,1,2,2,0,,0.002581477896
6QD7,24.79162275,31,(0 1 0 0),0,3004,1733,1.733410271,2,2,1,63,,0.001236093943
6QFA,20.459095,50,(0 0 1 0),0,2728,940,2.90212766,1,1,1,0,,0.002552648373
6QFC,17.80021,3,(1 0 0 0),0,1150,1765,1.534782609,1,1,1,0,,0.002254791432
6SV2,21.24735,7,(1 0 0 0),0,848,3189,3.760613208,1,2,2,0,,0.0024600246
6TYS,21.606619,27,(0 1 0 0),0,3445,1741,1.978747846,1,2,2,0,,0.003033980583
6U12,6.817916,6,(0 0 1 0),0,3259,1706,1.91031653,1,1,1,0,,0.002159827214
6U54,12.4356985,3,(0 1 0 0),0,816,859,1.052696078,1,1,1,0,,0.002141327623
6UUH,16.125496,19,(0 0 1 0),0,459,3349,7.296296296,1,2,2,0,,0.002970885324
6VN0,34.78903,48,(0 1 0 0),0,4408,1774,2.484780158,2,2,1,149,,0.001397949674
6VO1,38.55687368,24,(0 1 0 0),0,4503,1708,2.636416862,2,2,1,155.5,,0.0030422878
6W4S,18.275492,11,(1 0 0 0),0,3216,1770,1.816949153,1,2,2,0,,0.002986857826
6W52,36.583134,14,(0 1 0 0),0,3449,3183,1.08356896,2,2,1,150.5,,0.002797637551
6WIZ,25.02611322,12,(0 1 0 0),0,3921,3367,1.164538165,2,2,1,74.5,,0.002374591867
6WJ1,25.57134473,26,(0 1 0 0),0,3919,3392,1.155365566,2,2,1,77.5,,0.002358490566
6X97,36.982082,51,(0 1 0 0),0,4311,1703,2.53141515,2,2,1,155,,0.002420526061
6XC2,11.632282,23,(0 1 0 0),0,1537,3241,2.108653221,1,2,2,0,,0.002480620155
6XZF,12.123397,11,(1 0 0 0),0,3530,1905,1.853018373,1,1,1,0,,0.001049868766
6YIO,9.829489,3,(1 0 0 0),0,1066,3223,3.023452158,1,2,2,0,,0
6Z3P,31.93764024,17,(0 1 0 0),0,12837,3461,3.709043629,4,2,2,90.48307853,,0.003052503053
6Z3Q,31.01137792,13,(0 1 0 0),0,12825,3403,3.76873347,4,2,2,90.2468836,,0.002460781298
6ZDG,24.986256,35,(0 1 0 0),0,2988,6514,2.180053548,1,2,2,0,,0.002699460108
6ZDH,28.853815,31,(0 1 0 0),0,15447,6514,2.371354007,1,2,2,0,,0.002699460108
6ZTR,28.95347636,21,(1 0 0 0),0,1643,3356,2.042604991,1,2,2,0,,0.002408912978
7A5S,32.505527,7,(0 1 0 0),0,4948,3328,1.486778846,1,2,2,0,,0.002436053593
7CEI,13.416335,3,(0 0 1 0),0,1026,698,1.46991404,1,1,1,0,0,0
7CEI,10.628339,3,(0 0 0 0),0,1026,698,1.46991404,1,1,1,0,0,0
7CJ2,20.386776,21,(1 0 0 0),0,2809,2852,1.015307939,1,2,2,0,,0.002473716759
7CQC,15.5714655,9,(0 0 1 0),0,1444,3230,2.236842105,1,2,2,0,,0.002519685039
7DUO,17.819723,8,(1 0 0 0),0,1868,3217,1.722162741,1,2,2,0,,0.00244648318
7JVA,18.823719,10,(0 1 0 0),0,1495,1714,1.146488294,1,2,2,0,,0.002499218994
7KET,21.762794,16,(0 0 1 0),0,3656,6370,1.742341357,1,2,2,0,,0.001240310078
7KF0,13.505752,15,(1 0 0 0),0,770,3292,4.275324675,1,2,2,0,,0.00300030003
7KF1,18.082443,48,(1 0 0 0),0,770,3363,4.367532468,1,2,2,0,,0.002675386445
7KFW,13.159966,39,(0 1 0 0),0,1545,3281,2.123624595,1,2,2,0,,0.002472187886
7L5J,26.206532,17,(0 1 0 0),0,2344,3276,1.397610922,1,2,2,0,,0.002436053593
7LVW,22.86338954,39,(0 1 0 0),0,3780,939,4.025559105,1,1,1,0,,0.002159827214
7M3N,24.097395,12,(0 1 0 0),0,4238,1766,2.399773499,1,2,2,0,,0.002436795614
7MMN,29.75722295,36,(0 1 0 0),0,3449,3341,1.032325651,2,2,1,150.5,,0.002457002457
7MPG,28.70646231,27,(0 1 0 0),0,3497,3277,1.067134574,1,2,2,0,,0.002457002457
7ND0,31.840921,16,(0 0 1 0),0,23385,6576,3.556113139,5,2,2.5,265.0693494,,0.002423508028
7NFD,18.73119,14,(1 0 0 0),0,8810,1748,5.040045767,2,2,1,0,,0.002749770852
7NP1,11.87305,45,(0 1 0 0),0,1368,3267,2.388157895,1,2,2,0,,0.002472187886
7O9W,31.995537,7,(0 0 0 0),0,9089,3427,2.652173913,1,2,2,0,,0.001637635849
7OM4,32.391968,6,(1 0 0 0),0,5108,998,5.118236473,2,1,2,283.5,,0.002004008016
7S0E,33.918643,17,(0 1 0 0),0,4909,3327,1.475503457,1,2,2,0,,0.002473716759
7SBG,18.19661,12,(1 0 0 0),0,918,2803,3.053376906,1,2,2,0,,0
7SD3,36.921825,23,(1 0 0 0),0,14057,3260,4.31196319,6,2,3,138.5,,0.002469898117
7SGM,11.193631,36,(1 0 0 0),0,1030,3119,3.02815534,1,2,2,0,,0.002435312024
7SHY,20.468483,40,(1 0 0 0),0,1646,1805,1.096597813,1,2,2,0,,0.002706766917
7SJN,16.471703,31,(1 0 0 0),0,3012,3342,1.109561753,1,2,2,0,,0.002439768222
7SJO,16.77591,32,(1 0 0 0),0,1481,3276,2.212018906,1,2,2,0,,0.002439768222
7SOC,15.375951,12,(0 1 0 0),0,1589,1774,1.116425425,1,2,2,0,,0.002405291642
7SU0,12.627704,19,(1 0 0 0),0,873,3260,3.734249714,1,2,2,0,,0.002457002457
7SU1,13.02727,12,(1 0 0 0),0,833,3274,3.930372149,1,2,2,0,,0.002457002457
7SWN,20.563452,12,(0 1 0 0),0,1536,1747,1.137369792,1,2,2,0,,0.003593890386
7T25,29.654203,16,(0 0 1 0),0,1830,3255,1.778688525,1,2,2,0,,0.002751452155
7TEE,35.168053,22,(1 0 0 0),0,12305,1725,7.133333333,2,2,1,9.5,,0.002664002664
7UED,28.714708,9,(1 0 0 0),0,4555,6400,1.405049396,1,2,2,0,,0.00125274037
7VNG,14.406889,3,(0 1 0 0),0,980,2949,3.009183673,1,2,2,0,,0.002450229709
7VYR,15.142525,18,(0 1 0 0),0,1484,3256,2.194070081,1,2,2,0,,0.002907915994
7WO5,23.268852,12,(0 1 0 0),0,8338,3320,2.511445783,1,2,2,0,,0.002499218994
7WRV,19.465425,9,(0 1 0 0),0,2966,3393,1.143964936,1,2,2,0,,0
7X7O,15.434841,40,(0 1 0 0),0,1371,1751,1.277169949,1,2,2,0,,0.003593890386
7YQX,14.575056,16,(0 1 0 0),0,25640,1774,14.45321308,3,2,1.5,0,,0.00268907563
7Z2M,14.124453,23,(1 0 0 0),0,1668,3297,1.976618705,2,2,1,0,,0.002751452155
7Z4T,13.737361,9,(1 0 0 0),0,2409,6410,2.660855127,1,2,2,0,,0.002751452155
7ZF9,16.213036,25,(0 1 0 0),0,1555,3262,2.097749196,1,2,2,0,,0.002472187886
8B7W,15.493827,1,(1 0 0 0),0,856,933,1.089953271,1,1,1,0,,0.002148227712
8F8X,18.18267,16,(1 0 0 0),0,1661,923,1.799566631,1,1,1,0,,0.002166847237
8GV6,25.56630464,16,(0 1 0 0),0,3831,1752,2.186643836,2,2,1,73,,0.002715751358
8GV7,21.55870202,12,(0 1 0 0),0,3909,1752,2.231164384,2,2,1,76,,0.002715751358
8GZ5,13.93298,5,(0 1 0 0),0,1542,906,1.701986755,1,1,1,0,,0.002242152466